﻿<?xml version="1.0" encoding="utf-8" ?>
<Defs>

  <PawnKindDef ParentName="MiningCoPawnKindBase">
    <defName>MiningCoGuard</defName>
    <label>guard</label>
    <combatPower>90</combatPower>
    <minGenerationAge>22</minGenerationAge>
    <maxGenerationAge>40</maxGenerationAge>
    <gearHealthRange>
      <min>0.8</min>
      <max>1.8</max>
    </gearHealthRange>
    <itemQuality>Good</itemQuality>
    <techHediffsMoney>
      <min>1500</min>
      <max>2500</max>
    </techHediffsMoney>
    <techHediffsTags>
      <li>Advanced</li>
    </techHediffsTags>
    <techHediffsChance>0.5</techHediffsChance>
    <inventoryOptions>
      <skipChance>0.8</skipChance>
      <subOptionsChooseOne>
        <li>
          <thingDef>Silver</thingDef>
          <countRange>
            <min>70</min>
            <max>150</max>
          </countRange>
        </li>
        <li>
          <thingDef>MedicineIndustrial</thingDef>
          <countRange>
            <min>1</min>
            <max>1</max>
          </countRange>
        </li>
      </subOptionsChooseOne>
    </inventoryOptions>
  </PawnKindDef>

</Defs>